{
  "accuracy": 0.9334186939820742,
  "weighted_precision": 0.9340148438698316,
  "weighted_recall": 0.9334186939820742,
  "weighted_f1": 0.9329554816643455,
  "train_sentence_count": 800,
  "test_sentence_count": 200,
  "columns": {
    "outer": {
      "accuracy": 0.9334186939820742,
      "weighted_precision": 0.9340148438698316,
      "weighted_recall": 0.9334186939820742,
      "weighted_f1": 0.9329554816643455
    },
    "inner": {
      "accuracy": 0.9650021340162185,
      "weighted_precision": 0.9567649055426786,
      "weighted_recall": 0.9650021340162185,
      "weighted_f1": 0.9571482137739409
    },
    "clause": {
      "accuracy": 0.9218950064020487,
      "weighted_precision": 0.9112411071346357,
      "weighted_recall": 0.9218950064020487,
      "weighted_f1": 0.906337330550322
    }
  }
}